<?xml version="1.0" encoding="UTF-8"?>
<project-private xmlns="http://www.netbeans.org/ns/project-private/1">
    <editor-bookmarks xmlns="http://www.netbeans.org/ns/editor-bookmarks/2" lastBookmarkId="0"/>
    <open-files xmlns="http://www.netbeans.org/ns/projectui-open-files/2">
        <group>
            <file>file:/C:/Users/John/Downloads/BookReviewApplication%20-%20Book%20section/BookReviewApplication/src/java/Controller/BookServlet.java</file>
            <file>file:/C:/Users/John/Downloads/BookReviewApplication%20-%20Book%20section/BookReviewApplication/web/UpdateBook.jsp</file>
            <file>file:/C:/Users/John/Downloads/BookReviewApplication%20-%20Book%20section/BookReviewApplication/src/conf/MANIFEST.MF</file>
            <file>file:/C:/Users/John/Downloads/BookReviewApplication%20-%20Book%20section/BookReviewApplication/src/java/Model/Book.java</file>
            <file>file:/C:/Users/John/Downloads/BookReviewApplication%20-%20Book%20section/BookReviewApplication/web/ConfirmAdd.html</file>
            <file>file:/C:/Users/John/Downloads/BookReviewApplication%20-%20Book%20section/BookReviewApplication/web/AddBook.html</file>
            <file>file:/C:/Users/John/Downloads/BookReviewApplication%20-%20Book%20section/BookReviewApplication/src/java/Controller/MemberServlet.java</file>
            <file>file:/C:/Users/John/Downloads/BookReviewApplication%20-%20Book%20section/BookReviewApplication/web/HomePage.jsp</file>
            <file>file:/C:/Users/John/Downloads/BookReviewApplication%20-%20Book%20section/BookReviewApplication/web/DisplayAllBooks.jsp</file>
            <file>file:/C:/Users/John/Downloads/BookReviewApplication%20-%20Book%20section/BookReviewApplication/web/WEB-INF/web.xml</file>
            <file>file:/C:/Users/John/Downloads/BookReviewApplication%20-%20Book%20section/BookReviewApplication/src/java/Model/BookDB.java</file>
            <file>file:/C:/Users/John/Downloads/BookReviewApplication%20-%20Book%20section/BookReviewApplication/src/java/Model/DatabaseHelper.java</file>
            <file>file:/C:/Users/John/Downloads/BookReviewApplication%20-%20Book%20section/BookReviewApplication/web/index.html</file>
        </group>
    </open-files>
</project-private>
